gender|ip_address
Female|148.118.170.117
Female|189.249.7.22
Female|84.196.181.206
Female|103.96.233.190
Male|51.106.36.130
Female|189.8.44.77
Male|237.92.0.252
Male|214.120.52.45
Male|181.51.131.114
Male|8.4.93.195
Female|28.41.126.59
Male|75.160.5.11
Female|71.102.214.197
Female|108.63.219.36
Male|62.178.138.189
Female|49.136.89.178
Male|109.147.148.147
Male|88.111.38.168
Male|205.216.12.141
Male|0.148.192.9
Male|252.141.137.183
Male|143.201.115.87
Male|177.8.228.254
Male|254.133.194.57
Male|240.77.68.235
Female|146.97.75.224
Female|41.160.91.228
Male|90.201.19.227
Female|224.165.206.137
Female|4.110.137.180
Male|205.12.233.232
Male|86.171.109.112
Male|237.183.161.100
Female|113.162.199.240
Male|142.246.10.40
Female|150.47.234.240
Female|199.89.99.2
Female|125.239.26.173
Male|221.177.79.204
Female|42.77.19.237
Male|102.192.53.94
Female|105.15.98.157
Male|255.75.253.216
Male|238.207.25.0
Female|24.239.209.188
Male|15.63.146.169
Female|117.107.165.7
Female|141.132.135.151
Male|114.8.188.205
Female|227.227.55.105
Female|50.127.86.162
Male|118.211.101.22
Male|173.81.107.197
Male|159.28.123.236
Female|3.220.175.151
Female|67.199.137.178
Female|72.229.28.112
Male|146.255.88.33
Female|138.161.36.6
Female|75.162.195.183
Female|135.99.104.170
Female|34.254.23.127
Female|113.23.124.124
Male|251.27.237.72
Male|72.76.126.105
Female|208.235.88.118
Female|243.162.3.39
Male|22.40.210.138
Female|197.87.68.94
Female|250.114.168.28
Female|157.74.201.99
Female|127.157.98.150
Male|43.114.223.89
Male|204.226.140.111
Female|142.158.196.218
Female|101.172.254.109
Male|5.197.163.143
Female|81.57.214.22
Female|254.250.130.126
Female|254.30.69.129
Female|232.180.22.68
Male|58.1.113.223
Male|187.67.228.182
Male|18.4.187.206
Male|252.223.69.44
Male|197.15.238.223
Male|144.53.152.2
Male|142.88.168.52
Male|97.144.7.23
Female|74.199.122.168
Female|212.201.236.207
Female|214.169.197.119
Female|174.33.241.246
Male|11.121.108.35
Male|97.156.176.16
Female|18.168.212.69
Male|0.231.129.206
Female|109.106.144.213
Female|12.224.61.195
Male|168.0.150.196
Female|62.243.151.78
HRWMale|240.10.38.196
Male|193.250.126.138
Female|178.176.217.8
Female|88.113.144.52
Male|160.140.157.57
Female|244.15.73.95
Female|89.102.197.225
MaleDER|175.110.87.150
Female|241.144.41.13
Male|133.72.112.241
Male|10.32.181.29
Male|130.157.20.157
Female|247.121.56.246
Female|221.95.33.129
Male|89.226.163.217
Male|79.191.75.162
Male|244.174.199.243
Male|89.33.152.45
Female|201.192.146.48
Female|139.109.166.71
Female|179.130.15.71
Male|88.179.50.208
Male|69.237.226.67
Female|10.205.104.34
Female|153.190.192.114
Female|0.89.238.10
Female|75.169.180.202
Male|241.38.39.160
Female|210.68.55.12
Female|118.154.224.116
Female|235.79.201.244
Female|54.15.188.151
Male|237.28.110.103
FemalePNPSPAP|49.91.83.178
Male|201.193.70.41
Female|227.207.194.208
Male|23.211.99.197
Female|47.207.51.94
Male|195.100.218.172
Female|30.184.242.215
Male|11.245.144.229
Male|54.233.73.218
""|17.250.15.126
Male|81.216.146.82
Female|29.125.204.234
Male|21.180.226.127
Male|214.193.215.145
Male|248.249.53.42
Male|211.15.147.245
Male|97.180.105.196
Female|190.162.54.105
Female|139.232.58.236
Male|89.210.19.208
Male|72.216.51.215
Female|204.253.50.88
Female|239.49.141.27
Male|164.119.192.34
Male|208.69.240.243
Male|188.16.123.42
Female|147.147.234.55
Male|164.136.189.183
Female|146.75.155.18
Male|98.176.183.254
Male|177.167.163.141
Female|184.86.231.45
Male|208.100.203.17
Male|176.58.0.149
Male|171.88.88.73
Male|46.42.158.41
Male|91.221.150.235
Female|44.27.82.236
Male|93.63.49.175
Male|31.73.64.21
Male|247.111.21.67
Female|251.28.104.115
Female|9.49.141.233
Female|65.15.213.156
Female|55.112.231.77
Male|153.192.240.43
Male|14.157.102.8
Female|222.135.211.184
Female|61.10.24.176
Female|110.226.69.125
Male|176.112.8.29
Female|100.203.63.128
Female|230.163.228.199
Female|208.53.123.107
Male|179.178.142.92
Male|223.68.214.190
Female|82.225.90.139
Male|215.114.228.109
Male|234.100.223.205
Female|82.215.181.105
Female|95.125.124.232
Male|40.227.87.125
Male|247.100.142.98
Female|76.202.173.222
Male|253.0.245.158
Female|169.6.177.63
Female|75.195.58.173
Female|134.255.103.78
Female|97.225.227.89
Male|246.247.9.112
Female|14.123.90.161
Female|96.5.190.21
Female|194.253.222.173
Male|76.52.163.82
Female|91.139.40.53
Female|191.194.201.158
Male|244.25.95.207
Male|19.242.184.13
Male|195.139.116.17
Male|67.236.91.226
Male|132.173.44.163
Male|105.0.129.10
Female|93.87.180.32
Female|221.132.200.112
Male|27.116.11.85
Male|112.224.67.133
Male|8.182.71.34
Male|254.42.59.29
Female|160.247.87.147
Female|143.251.169.70
Female|224.105.184.153
Female|20.224.209.164
Male|84.83.153.124
Male|170.70.139.141
Male|129.39.213.74
Male|237.240.240.19
Female|193.2.219.151
Female|241.9.255.114
Male|174.143.163.22
Female|92.36.35.255
Female|94.25.183.145
Female|64.196.223.96
Male|102.23.49.67
Female|246.131.103.168
Male|179.109.205.104
Male|228.198.213.100
Female|56.186.195.216
Female|188.87.134.79
Female|55.240.167.17
Female|194.163.137.201
Male|193.70.236.47
Female|65.84.234.159
Female|252.126.33.133
Male|224.75.167.5
Male|159.73.223.252
Male|75.207.58.235
Male|45.235.80.248
Male|24.122.124.186
Female|227.161.87.210
Female|82.82.218.211
Female|203.180.190.252
Female|236.125.96.102
Male|198.16.96.69
Male|44.209.14.81
Male|81.174.48.207
Female|71.81.233.13
Male|45.213.70.112
Male|137.11.179.215
Male|52.23.101.79
Male|109.237.109.76
Male|146.151.85.29
Male|125.151.185.80
Female|117.69.240.109
Female|93.71.137.244
Female|67.43.198.142
Male|231.30.85.200
Male|160.219.150.173
Male|161.22.146.95
Male|128.206.190.213
Male|102.46.31.252
Male|3.91.11.91
Male|159.130.101.223
Female|219.33.250.156
Female|170.241.101.221
Female|136.235.67.139
Male|247.32.86.113
Female|53.175.81.119
Female|95.97.57.234
Female|155.251.100.10
Male|185.168.172.19
Female|204.149.163.140
Female|13.236.132.128
Female|157.170.82.236
Male|15.227.17.184
Female|189.223.31.106
Male|99.26.184.184
Female|169.34.234.91
Male|28.79.87.144
Male|241.152.206.230
Male|186.229.47.44
Female|141.31.117.66
Male|79.228.137.13
Female|209.41.222.161
Female|9.249.229.39
Male|16.159.81.155
Male|44.110.83.50
Female|75.38.252.153
Male|30.27.166.149
Male|28.62.185.60
Male|231.154.168.197
Female|167.226.212.221
Male|109.99.141.26
Female|36.42.209.51
Male|25.173.103.244
Male|167.175.120.54
Female|126.148.33.171
Male|178.210.29.37
Female|161.59.184.13
Female|3.208.78.55
Female|124.224.105.254
Male|230.79.79.44
Female|199.214.57.76
Female|76.184.111.38
Male|250.21.183.238
Female|253.211.238.132
Female|241.39.1.75
Male|68.91.48.138
Female|47.79.235.7
Male|106.152.109.160
Female|97.4.221.105
Male|161.124.192.19
Female|156.126.0.12
Female|86.94.71.1
Male|173.30.107.54
Female|114.90.5.78
Female|245.33.74.166
Female|19.23.221.42
Female|136.130.251.162
Female|179.27.208.242
Female|241.125.154.180
Female|52.52.19.205
Female|44.179.125.139
Female|69.129.36.126
Male|184.112.205.242
Male|200.243.69.126
Female|244.2.202.158
Female|156.18.40.77
Male|110.126.57.32
Female|10.14.5.167
Female|253.18.68.25
Female|15.31.18.152
Female|110.106.155.153
Male|152.203.23.200
Male|143.42.59.237
Female|244.164.184.13
Male|3.108.113.215
Male|23.172.27.35
Male|22.130.45.127
Female|26.254.194.151
Male|120.210.126.215
Female|220.149.90.112
Female|199.232.156.214
Female|96.234.182.123
Female|184.69.195.150
Female|97.161.72.32
Female|219.57.201.227
Male|214.61.248.99
Female|126.80.152.15
Male|176.25.49.111
Male|232.25.58.18
Female|249.148.148.115
Male|89.200.199.167
Male|23.24.113.211
Male|109.110.86.91
Female|5.60.96.91
Female|62.153.18.254
Male|9.24.241.71
Female|183.202.117.223
Male|204.116.149.153
Male|226.123.196.239
Male|100.155.108.68
Female|94.205.67.182
Male|98.139.96.30
Male|111.166.25.208
Male|20.78.220.101
Male|36.249.166.183
Female|77.99.14.34
Female|170.32.12.62
Female|21.172.151.62
Female|180.115.201.112
Male|138.213.199.199
Male|214.189.232.200
Female|168.110.251.87
Male|109.193.15.120
Female|129.234.149.255
Male|92.191.8.232
Female|59.74.200.229
Male|144.65.138.101
Male|226.141.17.128
Male|18.149.247.62
Male|29.243.175.27
Female|235.82.161.174
Female|11.219.22.160
Female|6.104.180.48
Male|192.20.36.140
Male|76.2.210.23
Female|40.23.227.78
Female|39.47.63.42
Male|214.243.26.109
Male|57.94.26.165
Male|149.142.229.83
Female|82.136.105.215
Female|117.224.208.176
Male|122.211.196.104
Male|153.33.85.107
Female|226.16.78.72
Female|255.79.181.227
Male|225.141.215.79
Male|127.101.170.117
Female|45.130.228.138
Female|180.105.67.127
Male|248.72.35.234
Female|194.27.238.52
Male|248.30.24.186
Female|79.130.78.141
Female|114.175.185.219
Male|113.52.122.35
Male|87.209.98.244
Male|15.104.43.244
Male|123.91.215.182
Male|29.236.86.80
Male|231.19.67.174
Female|188.8.223.52
Female|83.181.140.205
Male|250.41.46.220
Female|37.49.206.200
Male|176.184.222.35
Male|116.214.243.38
Male|187.74.96.159
Female|194.145.112.229
Male|46.31.110.52
Male|218.194.106.185
Female|21.47.12.67
Female|147.217.121.76
Female|116.166.48.1
Male|24.113.17.8
Male|24.219.196.107
Male|114.126.216.217
Male|119.191.186.48
Male|92.236.57.222
Female|160.229.109.54
Male|70.66.86.106
Female|230.168.132.10
Female|35.157.192.231
Female|252.107.27.137
Male|122.213.79.119
Female|3.36.167.15
Male|18.141.58.15
Male|159.42.69.184
Male|81.218.28.91
Female|201.122.217.223
Male|166.129.242.239
Male|185.51.99.55
Female|132.212.99.234
Female|68.98.74.59
Male|139.8.247.181
Male|198.46.212.190
Male|119.2.114.24
Female|77.253.90.136
Female|21.210.68.249
Female|152.136.7.80
Female|152.49.43.27
Female|166.71.133.221
Female|139.185.132.46
Female|160.222.242.93
Male|181.107.112.250
Male|97.239.177.192
Male|41.197.245.229
Male|195.137.180.100
Male|93.201.68.152
Male|151.181.230.96
Male|194.70.107.38
Female|226.55.87.0
Female|209.25.87.17
Female|176.82.204.18
Female|25.180.217.203
Female|107.81.229.88
Male|120.103.238.4
Male|16.8.85.206
Female|219.217.62.225
Male|4.252.136.9
Male|27.16.78.198
Female|102.115.143.165
Female|0.178.57.64
Female|81.29.200.215
Female|33.129.220.106
Female|220.230.203.152
Male|75.164.109.102
Female|137.206.218.251
Male|10.240.111.41
Male|245.227.110.207
Male|82.143.183.175
Female|254.57.254.45
Female|113.101.187.146
Male|89.31.75.75
Female|247.53.153.226
Female|202.95.212.8
Female|37.92.251.54
Female|163.195.152.145
Male|181.175.232.183
Male|103.186.132.6
Male|97.11.198.152
Male|187.60.199.126
Male|201.96.218.75
Female|197.249.174.83
Male|95.53.62.169
Female|8.76.118.144
Female|214.47.116.25
Male|161.175.67.211
Female|162.17.72.122
Female|11.180.51.108
Female|50.155.102.192
Male|5.110.144.174
Male|242.48.198.195
Male|61.14.203.246
Female|91.40.91.205
Male|68.29.102.244
Male|221.157.12.157
Female|243.248.180.202
Male|175.147.83.146
Female|135.145.80.65
Female|211.64.194.229
Female|89.112.55.3
Female|205.209.148.73
Female|94.248.246.40
Male|8.168.138.90
Female|184.51.239.203
Male|170.123.209.33
Female|120.185.54.67
Female|80.180.8.33
Male|90.50.158.243
Female|184.216.15.240
Male|215.217.232.168
Male|248.114.33.250
Male|53.202.177.246
Female|48.25.92.122
Male|142.29.206.182
Female|121.190.82.161
Female|133.220.70.79
Male|240.89.90.51
Female|248.125.131.195
Male|141.139.136.35
Male|77.119.89.54
Female|32.108.69.90
Male|125.247.217.0
Male|45.54.66.84
Female|109.248.231.171
Male|211.196.57.84
Male|251.156.254.198
Male|61.91.171.64
Male|139.163.169.147
Male|254.37.135.90
Male|161.21.136.167
Male|154.225.197.104
Male|119.54.157.162
Male|213.95.203.99
Male|6.197.34.56
Female|214.211.74.42
Male|85.153.124.145
Male|185.159.216.192
Female|219.190.73.250
Male|198.200.245.58
Male|184.71.148.213
Male|222.198.68.68
Male|34.231.77.150
Male|203.250.246.48
Female|0.143.46.213
Male|157.97.157.45
Male|189.208.224.72
Female|56.216.44.176
Male|196.89.28.238
Male|141.255.115.254
Female|8.176.32.116
Female|36.125.135.158
Female|191.200.137.30
Female|116.15.117.244
Female|102.135.167.215
Male|171.21.224.255
Male|147.13.55.124
Female|21.126.85.56
Male|174.156.117.51
Female|131.248.96.248
Female|138.111.100.200
Female|207.158.140.189
Female|56.139.201.140
Male|56.253.231.173
Male|35.227.231.235
Male|84.64.219.189
Male|201.229.251.177
Female|31.200.90.88
Female|255.73.170.63
Male|143.228.234.196
Male|15.89.222.33
Female|48.8.149.237
Female|194.93.48.250
Female|221.152.244.180
Female|95.238.241.174
Male|17.218.103.72
Male|245.221.119.203
Male|137.27.121.224
Male|69.178.197.189
Female|144.8.168.235
Female|210.101.142.146
Female|130.157.194.35
Male|83.38.62.219
Male|122.252.123.164
Male|62.92.200.177
Female|152.171.124.63
Male|88.108.36.195
Female|164.46.24.47
Male|170.102.146.251
Male|181.49.18.218
Female|209.24.152.167
Female|182.209.10.144
Male|41.59.239.14
Female|26.177.62.144
Male|217.13.247.170
Female|22.38.189.84
Female|30.98.172.228
Male|73.126.54.238
Male|153.71.226.195
Female|140.208.84.15
Female|245.37.16.66
Male|129.11.218.236
Male|145.98.209.253
Male|117.153.179.46
Female|229.210.59.51
Male|78.17.239.192
Male|2.5.135.46
Female|69.184.225.23
Female|199.82.194.72
Female|200.110.54.58
Male|27.198.228.191
Female|136.24.36.80
Female|33.64.103.174
Male|72.163.143.80
Female|102.218.202.14
Male|97.27.2.209
Female|180.247.3.9
Male|53.186.226.28
Male|163.62.96.144
Female|249.37.251.37
Male|131.170.142.41
Female|163.128.153.146
Female|183.122.138.146
Female|79.133.120.242
Female|174.12.191.7
Male|80.164.53.123
Male|113.149.76.84
Male|25.121.15.122
Male|125.17.232.141
Male|212.38.194.240
Female|119.179.115.138
Male|114.58.113.253
Female|76.112.88.27
Male|3.71.238.8
Male|66.227.236.205
Female|156.15.196.32
Female|227.103.79.243
Male|150.124.190.102
Male|160.147.79.55
Male|219.125.202.186
Male|119.15.75.209
Female|192.63.6.80
Male|215.35.74.181
Female|105.90.53.155
Male|64.180.136.112
Female|97.134.194.153
Female|205.134.213.110
Female|213.134.16.133
Female|157.34.103.243
Male|182.58.208.236
Female|246.37.232.3
Female|246.110.247.74
Female|98.192.62.174
Male|133.224.157.103
Female|54.72.113.203
Female|210.36.119.180
Female|126.253.18.48
Female|120.176.198.174
Male|246.163.113.233
Female|163.166.210.138
Male|222.61.149.209
Male|195.116.168.240
Female|251.58.35.212
Female|40.244.10.135
Female|249.240.163.114
Female|53.48.126.221
Female|78.65.179.42
Female|197.176.224.27
Female|51.56.161.50
Male|1.183.248.133
Male|237.38.158.35
Female|241.36.5.136
Male|171.43.147.114
Female|202.186.39.153
Male|208.180.70.208
Male|63.33.69.66
Female|21.2.21.155
Male|29.3.161.120
Female|7.217.3.163
Male|2.36.39.39
Male|139.103.58.188
Female|38.1.233.106
Male|33.9.62.189
Female|206.162.91.197
Female|75.55.170.169
Male|31.217.223.28
Female|202.104.193.155
Female|31.243.183.176
Male|202.76.53.75
Female|162.117.47.178
Male|23.125.32.168
Male|17.34.81.189
Female|219.131.60.132
Male|247.142.160.159
Female|137.41.253.39
Female|25.97.147.255
Female|33.30.9.147
Male|127.95.254.32
Male|87.133.86.232
Male|184.12.52.58
Male|42.95.252.239
Male|20.40.87.81
Female|236.126.223.232
Male|67.86.237.225
Female|69.148.82.55
Male|170.118.18.174
Female|153.197.155.20
Male|84.12.195.169
Female|100.113.24.59
Female|131.147.71.144
Female|27.122.184.55
Female|234.97.55.76
Female|129.93.85.245
Male|211.219.149.250
Female|43.205.158.146
Male|104.230.91.148
Male|245.104.133.128
Male|132.15.107.27
Female|52.159.129.71
Female|32.64.181.104
Male|189.65.24.165
Female|1.103.92.187
Male|199.102.30.254
Female|160.143.121.95
Female|188.3.123.130
Female|87.84.159.220
Male|116.147.132.233
Male|66.119.204.118
Female|55.118.30.72
Male|183.233.101.253
Male|11.66.65.74
Male|134.71.167.58
Male|161.26.240.129
Male|138.215.196.186
Male|28.148.170.133
Male|23.74.74.128
Male|22.136.116.81
Female|48.246.113.39
Male|145.7.255.91
Female|19.249.249.250
Female|99.104.43.45
Female|150.121.91.231
Female|215.41.145.120
Male|179.143.252.194
Male|106.246.89.7
Female|3.11.190.58
Male|40.111.96.250
Female|76.42.27.49
Female|13.97.124.78
Female|73.237.5.75
Female|153.230.35.91
Female|45.164.166.184
Male|127.85.36.186
Female|12.210.119.238
Female|240.83.67.169
Male|196.3.28.60
Male|137.222.104.60
Female|44.136.173.163
Female|239.63.45.54
Female|204.236.221.118
Female|91.133.78.9
Female|115.66.90.162
Male|199.226.80.124
Male|143.64.193.194
Female|123.10.114.129
Male|241.40.23.121
Male|195.217.103.3
Female|34.149.143.44
Female|170.99.152.34
Female|14.36.150.153
Female|249.207.212.211
Female|41.171.68.193
Female|238.128.33.101
Female|24.95.156.87
Male|55.81.243.209
Female|148.59.222.2
Female|16.21.191.170
Male|5.54.248.39
Male|150.224.107.231
Female|234.125.117.146
Male|130.12.65.186
Male|209.73.206.89
Female|126.116.70.155
Male|15.110.132.33
Female|225.170.142.37
Male|193.0.60.217
Female|50.209.34.232
Female|98.232.48.41
Male|185.208.217.102
Female|197.61.253.234
Female|45.103.161.245
Male|166.201.36.161
Male|230.97.128.51
Male|184.171.36.175
Female|73.78.112.201
Female|187.214.133.198
Male|51.68.247.201
Female|203.101.218.55
Female|214.25.136.76
Male|71.179.106.176
Male|193.26.20.223
Male|177.248.240.87
Female|123.228.68.36
Male|135.146.233.141
Female|11.133.25.99
Female|48.225.178.83
Female|73.0.116.202
Male|69.93.230.107
Male|200.222.252.191
Male|61.91.157.114
Male|56.89.39.192
Male|171.114.17.44
Male|92.251.85.81
Male|221.102.88.42
Male|124.198.15.106
Male|23.247.40.7
Male|125.53.243.120
Female|147.223.241.139
Female|233.239.117.215
Male|211.216.249.105
Female|2.191.93.60
Female|31.47.29.13
Female|247.28.38.151
Male|181.83.78.92
Female|208.117.238.79
Male|198.121.83.100
Male|140.150.3.241
Female|110.19.53.49
Male|62.0.97.55
Male|85.205.18.48
Male|237.228.97.240
Male|188.115.91.99
Male|118.46.77.70
Female|47.239.15.118
Female|19.125.96.12
Male|195.224.227.118
Male|224.18.119.25
Female|7.203.92.174
Male|252.223.99.103
Male|195.203.53.80
Male|11.132.73.227
Female|70.47.41.7
Female|93.70.248.38
Female|159.199.14.67
Male|56.196.140.173
Male|241.124.100.202
Female|213.198.61.75
Female|245.138.252.224
Female|249.15.78.182
Female|133.108.126.168
Male|58.108.237.105
Male|4.226.153.156
Male|197.105.22.24
Male|209.216.223.186
Female|7.57.181.26
Female|69.47.6.196
Female|41.235.135.201
Female|131.111.206.218
Male|85.240.57.178
Male|34.127.108.78
Female|0.65.211.182
Male|121.223.124.50
Female|162.81.53.42
Female|4.169.127.42
Female|74.60.188.144
Male|225.63.30.56
Male|255.212.85.194
Male|98.240.4.234
Female|180.246.220.158
Male|46.186.23.239
Female|97.135.142.113
Female|16.85.82.41
Male|136.120.152.18
Male|10.149.103.27
Male|96.239.255.179
Male|106.244.83.91
Female|110.22.110.180
Female|36.206.106.146
Male|53.154.57.228
Female|241.197.35.205
Male|88.83.112.186
Male|17.110.85.46
Male|211.181.112.187
Male|254.25.86.87
Female|46.230.18.77
Male|241.195.34.32
Male|235.15.55.183
Female|49.174.161.180
Female|135.149.29.234
Female|220.179.119.15
Male|242.52.177.94
Male|123.148.151.120
Male|89.211.80.203
Female|165.149.106.68
Female|197.143.242.96
Male|202.91.97.191
Female|37.17.100.97
Female|82.126.88.101
Male|38.234.82.89
Female|23.219.187.4
Female|195.204.202.5
Male|74.34.107.218
Male|50.64.122.121
Male|242.205.140.166
Male|152.99.86.139
Male|171.249.12.173
Male|45.255.205.3
Female|3.102.8.152
Female|48.23.56.165
Male|58.199.31.231
Male|206.41.181.165
Female|39.213.151.1
Male|16.85.212.11
Male|136.112.152.235
Female|81.253.86.28
Female|20.208.169.254
Female|150.150.47.18
Female|109.45.104.84
Male|156.137.140.73
Female|146.10.203.56
Male|16.95.254.170
Male|84.0.132.142
Female|63.7.246.189
Female|138.225.190.255
Male|37.241.1.223
Male|230.110.232.255
Male|18.16.58.226
Male|73.124.227.252
Female|127.100.20.107
Female|124.107.18.129
Male|96.50.25.221
Male|135.67.104.183
Male|113.104.122.52
Female|200.35.213.250
Female|156.24.228.207
Male|183.173.185.91
Female|86.246.22.221
Female|125.110.171.153
Female|231.157.166.107
Male|166.63.253.38
Male|9.48.186.223
Female|155.52.59.71
Male|35.231.163.126
Female|22.254.70.220
Female|51.134.10.147
Male|37.177.69.122
Male|221.158.81.129
Male|243.224.37.32
Female|247.142.79.150
Male|119.234.102.56
Male|250.190.110.241
Male|117.214.163.212
Female|145.144.62.252
Male|160.188.34.20
Female|205.145.163.64
Female|146.76.68.148
Female|0.74.158.167
Male|122.62.147.183
Female|108.96.128.215
Male|204.223.51.49
Female|135.98.103.14
Male|111.68.212.194
Male|81.254.137.130
Female|112.179.118.37
""|88.138.125.228
Female|101.220.36.164
Male|56.172.43.44
Female|137.38.236.177
Female|185.53.120.67
Male|15.43.253.218
Male|72.122.182.45
Male|108.90.233.235
Female|141.52.29.54
Male|253.144.121.182
